powers old;powers name
superhuman strength;superhuman strength
superhuman durability;superhuman durability
superhuman stamina;superhuman stamina
superhuman speed;superhuman speed
superhuman agility;superhuman agility
superhuman reflexes;superhuman reflexes
regenerative healing factor;regenerative healing factor
flight;flight
immortality;immortality
telepathy;telepathy
telepathy;telephatic powers
wall crawling;wall crawling
enhanced strength;enhanced strength
teleportation;teleportation
invulnerability;invulnerability
self replication;self replication
peak human speed;enhanced speed
energy manipulation;manipulation powers
energy manipulation;energy powers
mind control;mind powers
mind control;mind control
peak human strength;enhanced strength
astral projection;astral projection
shapeshifting;shapeshifting
superhumanly dense tissue;superhuman dense tissue
telekinesis;telekinesis
astral projection;astral powers
astral projection;projection powers
superhumanly acute senses;senses powers
peak human reflexes;enhanced reflexes
peak human agility;enhanced agility
peak human durability;enhanced durability
peak human stamina;enhanced stamina
extended longevity;slowed/suspended/suppresed aging
self sustenance;self sustenance
superhuman senses;senses powers
energy absorption;energy powers
energy absorption;absorption powers
enhanced durability;enhanced durability
enhanced reflexes;enhanced reflexes
intangibility;intangibility
shape shifting;shapeshifting
allspeak;allspeak
longevity;slowed/suspended/suppresed aging
superhuman longevity;superhuman longevity
enhanced agility;enhanced agility
healing factor;healing powers
invisibility;invisibility
spider sense;spider sense
superhuman equilibrium;superhuman/perfect equilibrium
chi manipulation;manipulation powers
chi manipulation;chi powers
enhanced speed;enhanced speed
enhanced stamina;enhanced stamina
force field;force field powers
levitation;levitation
resurrection;resurrection
accelerated healing factor;healing powers
claws;claws
energy projection;energy powers
energy projection;projection powers
enhanced senses;senses powers
force fields;force field powers
psionics;psionic powers
pyrokinesis;pyrokinesis/pyrokinetics
size alteration;size alteration
accelerated healing;healing powers
energy blasts;blasts powers
energy blasts;energy powers
concussive blasts;blasts powers
concussive blasts;concussive powers
mental amnesia;mental powers
photokinesis;photokinesis
vampirism;vampirism
constituent matter manipulation;manipulation powers
constituent matter manipulation;matter powers
contaminant immunity;immunity to different things
enhanced endurance;enhanced endurance
hypnotism;hypnosis
peak human healing;healing powers
precognition;precognition
psionic blasts;blasts powers
psionic blasts;psionic powers
regeneration;regeneration
superhuman endurance;enhanced endurance
time travel;travel powers
transformation;transformation powers
weather manipulation;manipulation powers
weather manipulation;weather powers
advanced longevity;slowed/suspended/suppresed aging
aquatic healing;healing powers
camouflage capabilities;camouflage
constituent matter generation;generation powers
cosmic energy manipulation;manipulation powers
cosmic energy manipulation;cosmic energy powers
cosmic energy manipulation;cosmic powers
disease immunity;immunity to different things
matter transmutation;matter powers
matter transmutation;transmutation powers
necromancy;necromancy
psionic shield;shields powers
psionic shield;psionic powers
superhuman leaping;leaping powers
telepathic cloak;telephatic powers
telepathic cloak;cloak/stealth powers
transmutation;transmutation powers
asgardian physiology;DELETE
cosmic pyrokinesis;cosmic powers
cosmic pyrokinesis;pyrokinesis/pyrokinetics
electrokinesis;electrokinesis
empathy;empathy/emphatical powers
enhanced superhuman strength;superhuman strength
fangs & claws;fangs
fangs & claws;claws
genetic memory;memory powers
hellfire manipulation;manipulation powers
hellfire manipulation;hellfire powers
illusions;illusions
life force absorption;life force powers
life force absorption;absorption powers
matter manipulation;manipulation powers
matter manipulation;matter powers
mental detection;perception/detection powers
mental detection;mental powers
mental paralysis;mental powers
night vision;enhanced/specific vision
quick repair;self/quick repair
superhuman hearing;senses powers
telepathic resistance;resistance powers
the power cosmic;cosmic powers
thermokinesis;thermokinesis
amphibious breathing;amphibious powers
atmokinesis;atmokinesis
camouflage;camouflage
chi augmentation;chi powers
cosmic awareness;cosmic powers
cosmic awareness;cosmic awareness
energy blast;blasts powers
energy blast;energy powers
enhanced vision;enhanced/specific vision
fangs;fangs
hydrokinesis;hydrokinesis
hypnosis;hypnosis
immunity to spider man's spider sense;immunity to different things
magic;magic powers
mind possession;mind powers
mind possession;possession powers
nigh invulnerability;invulnerability
penance stare;penance stare
size addition;size alteration
size reduction;size alteration
sorcery;sorcery
telepathic camouflage;camouflage
telepathic camouflage;telephatic powers
telepathic illusions;telephatic powers
telepathic illusions;illusions
temporal manipulation;manipulation powers
time manipulation;manipulation powers
time manipulation;time powers
chi enhanced healing;chi powers
chi enhanced healing;healing powers
dimensional travel;dimensional powers
dimensional travel;travel powers
enhanced healing;healing powers
healing;healing powers
illusion casting;illusions
interstellar travel;travel powers
iron fist punch;iron fist punch
mind alteration;mind powers
mind link;mind powers
prehensile tail;tail
psionic powers;psionic powers
regenerative healing;regenerative healing factor
spider physiology;DELETE
super strength;above super (god, unlimited) strength
superhuman sight;senses powers
suspended aging;slowed/suspended/suppresed aging
symbiotic expansion and psychic control;symbiotic powers
symbiotic expansion and psychic control;possession powers
tail;tail
telepathic illusion;telephatic powers
telepathic illusion;illusions
telepathic immunity;immunity to different things
telepathic link;telephatic powers
virtual immortality;immortality
webbing;webbing powers
mind link;link powers
telepathic link;link powers
clairvoyance;clairvoyance
concussive blast;blasts powers
concussive blast;concussive powers
cosmic energy;cosmic energy powers
cosmic energy;cosmic powers
cyberpathy;cyberpathy
darkforce manipulation;manipulation powers
darkforce manipulation;darkforce powers
decelerated aging;slowed/suspended/suppresed aging
fire breathing;fire powers
foreign chemical immunity;immunity to different things
geokinesis;earth/geo powers
godlike stamina;enhanced stamina
magical energy manipulation;manipulation powers
magical energy manipulation;magic powers
magical manipulation;manipulation powers
magical manipulation;magic powers
magnetic force fields;magnetic powers
magnetic force fields;force field powers
mesmerism;mesmerism
metamorphosis;metamorphosis
mind transferal;mind powers
molecular manipulation;manipulation powers
molecular manipulation;molecular powers
mystical chain projection;mystic powers
mystical chain projection;projection powers
organic webbing generation;generation powers
peak human endurance;enhanced endurance
peak human senses;senses powers
portal creation;portal creation
power mimicry;power mimicry
protective shields;shields powers
protective shields;protective powers
protractile fangs/claws;fangs
protractile fangs/claws;claws
psionic spikes;spikes
reality manipulation;manipulation powers
reality manipulation;reality powers
retractable claws;claws
self propelled flight;flight
spell casting;spell casting
super soldier serum;super soldier serum
superhuman balance;superhuman balance
superhuman dexterity;superhuman dexterity
superhuman flexibility;flexibility
superhuman intelligence;enhaced/superhuman intelligence or genius
tactile telekinesis;telekinesis
talons and fangs;talons
talons and fangs;fangs
technopathy;techno powers
telepathic tracking;telephatic powers
webbing generation;generation powers
organic webbing generation;webbing powers
webbing generation;webbing powers
psionic spikes;psionic powers
adaptation;adaptation powers
amphibious;amphibious powers
amphibious physiological adaptation;amphibious powers
atlantean abilities;DELETE
atlantian abilities;DELETE
banishment;banishment
claws and fangs;fangs
claws and fangs;claws
concussive force blasts;blasts powers
concussive force blasts;concussive powers
cryokinesis;cryokinesis
cybernetic eye;cybernetic enhacements
dilate power;DELETE
durability;enhanced durability
electrical discharge;eletric powers
electrical discharge;discharge powers
electromagnetic sight;electromagnetic powers
electromagnetic sight;senses powers
elemental control;elemental powers
elemental manipulation;manipulation powers
elemental manipulation;elemental powers
energy constructs;construct powers
energy constructs;energy powers
energy vision;enhanced/specific vision
energy vision;energy powers
enhanced intelligence;enhaced/superhuman intelligence or genius
esp (spider sense);spider sense
fangs and claws;fangs
fangs and claws;claws
flight speed;enhanced speed
flight speed;flight
force field generation;generation powers
force field generation;force field powers
gamma radiation emission;emission powers
gamma radiation emission;gamma powers
gamma radiation emission;radiation powers
heightened senses;senses powers
hypnotism and mind control;hypnosis
hypnotism and mind control;mind powers
hypnotism and mind control;mind control
inter dimensional teleportation/transportation;teleportation
life force energy absorption;life force powers
life force energy absorption;absorption powers
lights bonding;DELETE
magic immunity;immunity to different things
magnetic flight;magnetic powers
magnetic flight;flight
matter alteration;matter powers
memory manipulation;manipulation powers
memory manipulation;memory powers
offspring detection;perception/detection powers
optic blasts;blasts powers
optic blasts;optic powers
organic iron manipulation;manipulation powers
peak human longevity;slowed/suspended/suppresed aging
pheromone secretion;pheromone powers
plasticity;plasticity
possession;possession powers
power absorption;absorption powers
prehensile tongue;prehensile tongue
psionic resistance;resistance powers
psychokinesis;psychokinetics powers
psychometry;psychometry
radio frequency detection;perception/detection powers
remote possession;possession powers
retractable bone claws;claws
self resurrection;resurrection
sensation feeling;DELETE
sensors;sensors
sensory adaptation;adaptation powers
size shifting;size alteration
spider camouflage;camouflage
stretching and deforming;stretching and deforming
summoning;summoning powers
super breath;breath powers
superhuman striking force;DELETE
superhuman taste;senses powers
technoforming;techno powers
telepathic defense;telephatic powers
telescoping;DELETE
tentacles;tentacles
transformations;transformation powers
true immortality;immortality
wall climbing and traveling;travel powers
wing blades;blades
wing shielding;shields powers
wing shielding;wing powers
above normal intelligence;enhaced/superhuman intelligence or genius
absorb information;DELETE
accelerated vision;enhanced/specific vision
acceleration recuperation;healing powers
acidic saliva;acid powers
amphibious adaptation;amphibious powers
animal empathy;empathy/emphatical powers
antennae;DELETE
aquatic telepathy;telephatic powers
aquatic telepathy;telepathy
artificially enhanced physiology;DELETE
astral form;form powers
bio electrokinesis;electrokinesis
biokinesis;biokinesis
biological/organic webbing generation;generation powers
bolts (of eldritch?);bolt powers
bulletproof durability;enhanced durability
celestial energy manipulation;manipulation powers
celestial energy manipulation;celestial energy powers
charisma;DELETE
chlorokinesis;chlorokinesis
chronokinesis;chrono powers
claws & fangs;fangs
claws & fangs;claws
communication with animals;DELETE
computer interaction;DELETE
concussion blasters;blasters powers
concussion blasters;concussive powers
concussive force bolts;bolt powers
concussive force bolts;concussive powers
control over life and death;DELETE
cosmic awareness & mystic senses;mystic powers
cosmic awareness & mystic senses;senses powers
cosmic awareness & mystic senses;cosmic awareness
cosmic knowledge;knowledge powers
cosmic knowledge;cosmic powers
cosmic senses;cosmic powers
cosmic senses;senses powers
cosmic teleportation;cosmic powers
cosmic teleportation;teleportation
cybernetic arm;cybernetic enhancements
danger sense;senses powers
death inducement;DELETE
demonic transformation;transformation powers
demonic transformation;demon powers
dimensional entrapment;dimensional powers
dimensional sense;senses powers
dragon form;form powers
duplication;duplication
earth link;earth/geo powers
eidetic memory;memory powers
elasticity;DELETE
electrical fields detection;perception/detection powers
electrical fields detection;eletric powers
electromagnetic pulses;electromagnetic powers
electromagnetic spectrum manipulation;manipulation powers
electromagnetic spectrum manipulation;electromagnetic powers
elongation;DELETE
encephalo beam;beams powers
energy absorption and manipulation;manipulation powers
energy absorption and manipulation;absorption powers
energy absorption and manipulation;energy powers
energy beams;energy powers
energy beams;beams powers
energy construct creation;energy powers
energy construct creation;construct powers
energy discharge;energy powers
energy discharge;discharge powers
energy emanation;energy powers
energy generation;generation powers
energy generation;energy powers
energy manipulation (latent);manipulation powers
energy manipulation (latent);energy powers
energy pulse;energy powers
enhanced hearing;senses powers
enhanced immune system;immunity to different things
enhanced longevity;slowed/suspended/suppresed aging
enhanced metabolism;enhanced metabolism
enhanced mobility;enhanced mobility
enhanced reflexes and agility;enhanced agility
enhanced reflexes and agility;enhanced reflexes
enhanced regeneration;regeneration
enhanced sight;senses powers
enhanced superhuman durability, speed, agility, and reflexes;superhuman agility
enhanced superhuman durability, speed, agility, and reflexes;superhuman speed
enhanced superhuman durability, speed, agility, and reflexes;superhuman durability
enhanced superhuman durability, speed, agility, and reflexes;superhuman reflexes
environmental adaptation;adaptation powers
existence mastery;DELETE
exothermic reaction;DELETE
external symbiote rejection;resistance powers
fatigue resistance;resistance powers
fire breath;fire powers
fire immunity;immunity to different things
fire manipulation;manipulation powers
fire manipulation;fire powers
flexible bone structure;flexibility
foreign chemical resistance;resistance powers
fox transformation;transformation powers
gamma radiation/energy manipulation and emission;emission powers
gamma radiation/energy manipulation and emission;manipulation powers
gamma radiation/energy manipulation and emission;energy powers
gamma radiation/energy manipulation and emission;gamma powers
gamma radiation/energy manipulation and emission;radiation powers
geomagnetic link;earth/geo powers
gravity manipulation;manipulation powers
gravity manipulation;gravitational/graviton powers
gravity reduction;gravitational/graviton powers
growth;growth
healing power;healing powers
heightened animal like senses;senses powers
hellfire infusion;hellfire powers
high wind generation;generation powers
hyde formula;DELETE
hyper cosmic awareness;cosmic powers
hyper cosmic awareness;cosmic awareness
hyper speed;enhanced speed
immunity to fire & heat;immunity to different things
inanimate disintegration;disintegration
insensitivity to pain;immunity to different things
interdimensional teleportation;teleportation
intuitive aptitude;intuitive powers
intuitive genius;intuitive powers
ionic energy form;ionic powers
ionic regenerative healing;regenerative healing factor
kinetic duplication;kinetic powers
kinetic duplication;duplication
life force control;life force powers
lifeforce absorption;life force powers
lifeforce absorption;absorption powers
limitless stamina;enhanced stamina
linguistics;linguistics
magic detection;perception/detection powers
magic detection;magic powers
magical blasts;blasts powers
magical blasts;magic powers
magical potential;magic powers
magnetic force field;magnetic powers
magnetic force field;force field powers
magnetic rays;magnetic powers
malicious telepathy;telephatic powers
malicious telepathy;telepathy
mark of kaine;kaine
material astral projection;astral projection
materialization;DELETE
matter & energy manipulation;manipulation powers
matter & energy manipulation;matter powers
matter & energy manipulation;energy powers
memory alteration;memory powers
mental invisibility;mental powers
metal morphing;metal powers
metal/matter manipulation;manipulation powers
metal/matter manipulation;matter powers
metal/matter manipulation;metal powers
microscopic vision;enhanced/specific vision
mind blast;blasts powers
mind blast;mind powers
mind trap;mind powers
molecular change;molecular powers
mystical blasts;blasts powers
mystical blasts;mystic powers
near immortality;immortality
near invulnerability;invulnerability
neural jumpstart;DELETE
neural resistance;resistance powers
nigh omnipotence;DELETE
no sleep;DELETE
nova flame;DELETE
odinforce;DELETE
omnilingual;linguistics
peak human condition;enhanced condition
peak human mental process;mental powers
penance stare immunity;immunity to different things
personality alteration;DELETE
photographic memory;memory powers
physical enhancement;enhacements
physical possession;possession powers
physical transformation;transformation powers
plasma form;plasma powers
plasma form;form powers
poisonous fangs;fangs
power bestowal;power bestowal
power manipulation;manipulation powers
power negation;DELETE
power sharing;DELETE
power stomp;DELETE
power supply;DELETE
power transfer;DELETE
psionic blast;blasts powers
psionic blast;psionic powers
psionic immunity;immunity to different things
psychic alignment with arthropods;psychic powers
psychic bond;psychic powers
psychic firebird;psychic powers
psychic resistance;resistance powers
psychic shield;shields powers
psychic shield;psychic powers
pym particles;DELETE
quantum magic;quantum powers
quasi sonic scream;sonic powers
radar sense;senses powers
radiation absorption;absorption powers
radiation absorption;radiation powers
reactive adaptation;adaptation powers
reality warp resistance;resistance powers
reality warping;reality powers
remote teleportation;teleportation
resurrection force;resurrection
retarded aging;slowed/suspended/suppresed aging
retrocognition;retrocognition
robotic body;DELETE
rock troll physiology;DELETE
seduction;DELETE
self power bestowal;power bestowal
sensory systems;DELETE
skrull vision;enhanced/specific vision
sonar;senses powers
sonic immunity;immunity to different things
sonic scream;sonic powers
sonic shield;shields powers
sonic shield;sonic powers
sorcery over the flames of the faltine;sorcery
soul manipulation;manipulation powers
soul manipulation;soul powers
soul manipulation;energy powers
spider senses;senses powers
spinnerets;DELETE
spirit possession;spirit powers
spirit possession;possession powers
stealth;cloak/stealth powers
stingers;stings
stone form;form powers
super humanoid agility;enhanced agility
super humanoid durability;superhuman durability
super humanoid reflexes;enhanced reflexes
super humanoid speed;enhanced speed
super humanoid strength;superhuman strength
superhuman acute senses;senses powers
superhuman dense tissue;superhuman dense tissue
superhuman growth;growth
superhuman healing;healing powers
superhuman intellect;enhaced/superhuman intelligence or genius
superhuman smell;senses powers
superhuman touch;senses powers
suppressed aging;slowed/suspended/suppresed aging
techno organic physiology;techno powers
techno organic wings;techno powers
technokinesis;techno powers
technological manipulation;manipulation powers
technological manipulation;techno powers
technopathic tentacle manipulation;manipulation powers
technopathic tentacle manipulation;techno powers
telekinetic flight;flight
telekinetically enhanced condition;telekinetic powers
telepathic defenses;telephatic powers
telescopic vision;enhanced/specific vision
temperature resistance;resistance powers
temperature tolerance;resistance powers
tissue regeneration;regeneration
toxin resistance;resistance powers
umbrakinesis;umbrakinesis
underwater breathing;DELETE
undetectability;undetectability
various other spells;spell casting
vast energy manipulation;manipulation powers
vast energy manipulation;energy powers
venom blasts;blasts powers
venom blasts;venom powers
wallcrawling;wall crawling
weather control;weather powers
weird brain;DELETE
will domination;DELETE
wings;wings
interdimensional teleportation;interdimensional powers
astral form;astral powers
material astral projection;astral powers
earth link;link powers
geomagnetic link;link powers
biological/organic webbing generation;webbing powers
ionic energy form;form powers
ionic regenerative healing;ionic powers
"""dragon claw""";claws
"""zombie senses""";senses powers
360 degree senses;senses powers
abominable physiology;DELETE
absolute immortality;immortality
absolute speed;enhanced speed
absolute stamina;enhanced stamina
absorbing weaponry;DELETE
absorption and transformation;absorption powers
absorption and transformation;transformation powers
accelerated brain activity;DELETE
accelerated cosmic regenerative factor;cosmic powers
accelerated cosmic regenerative factor;regenerative healing factor
accelerated decoy;DELETE
accelerated metabolism;enhanced metabolism
accelerated probability generator;probability powers
accelerating regeneration;regeneration
acid generation;generation powers
acid mist;acid powers
acid spit;acid powers
acidic poison generation;generation powers
acoustikinesis;acoustikinesis
adamantium claws;claws
adamantium claws and skeleton;claws
adaptability;adaptation powers
adapted appearance;DELETE
adapted physiology;DELETE
adaptive appearance;DELETE
adaptive physiology;DELETE
adaptive possession;possession powers
adaptive possession (latent);possession powers
advanced constituent matter generation;matter powers
advanced constituent matter generation;generation powers
advanced constituent matter manipulation;manipulation powers
advanced constituent matter manipulation;matter powers
advanced intelligence;enhaced/superhuman intelligence or genius
advanced superhuman speed;superhuman speed
advanced telekinesis;telekinesis
aerial adaption;adaptation powers
aerokinesis;aerokinesis
age acceleration;DELETE
age reversal;DELETE
agility;enhanced agility
air jet implants;DELETE
aladdin enhancements;enhacements
alchemy;DELETE
alien physiology;DELETE
altered physiology;DELETE
ambient energy conversion;energy powers
ammunition;DELETE
amphibian control;amphibious powers
amphibious adaption;amphibious powers
ancient one invokation;DELETE
angelic fire manipulation;manipulation powers
angelic fire manipulation;angelic fire powers
animal control;DELETE
animal mimicry (aquatic life);DELETE
animal shapeshifting;shapeshifting
animal telepathy;telephatic powers
animal telepathy;telepathy
animorphism;DELETE
anti gravitational flight;flight
anti gravitational flight;gravitational/graviton powers
anti healing factor;DELETE
anti matter resistance;resistance powers
antidote production;DELETE
apparent immortality;immortality
appearance alteration;shapeshifting
aquatic life mimicry;DELETE
aquatic physiology;DELETE
aquatic zoopathy;DELETE
arithmetic telepathy;telephatic powers
arithmetic telepathy;telepathy
arm mode;DELETE
armored skin;DELETE
arms shape shifting;shapeshifting
army creation;DELETE
artificial body;DELETE
artificial evolution;DELETE
artificial eyes and ears;DELETE
artificial limb transformation;transformation powers
artificial second heart;senses powers
assassins instinct;DELETE
astral body;astral powers
astral plane tap;astral powers
astral projection materialization;astral projection
astral travel;travel powers
astral vision;enhanced/specific vision
athletic reflexes;enhanced reflexes
athletic speed;enhanced speed
athletic stamina;enhanced stamina
atlantean/human/tiger shark hybrid physiology;DELETE
atmospheric adaption;adaptation powers
atomic vision;enhanced/specific vision
attraction field;DELETE
attribute absorption;absorption powers
augmented botanic mass;mass powers
augmented cellular regeneration;regeneration
augmented regenerative healing factor;regenerative healing factor
augmented vision;enhanced/specific vision
augmented vocal cords;DELETE
augmented weaponry;DELETE
aura;DELETE
aura viewing/tracking;DELETE
aurora manipulation;manipulation powers
aurora manipulation;aurora powers
automated self repairing;self/quick repair
automatic psionic defense;psionic powers
avatar/golem;DELETE
avian mutation;DELETE
'avx' patch;DELETE
battle frenzy;DELETE
battleform;DELETE
beard;DELETE
beta particle blasts;blasts powers
beta particle reactor;DELETE
binding enchantments;DELETE
bio augmentation;DELETE
bio electrical blasts;blasts powers
bio electrical blasts;eletric powers
bio organic thermokinetic furnace;DELETE
bio synthetic wings;wings
bio vampire;vampirism
bioelectric blasts;blasts powers
bioelectric blasts;eletric powers
bioelectricity;eletric powers
biological webbing generation;generation powers
biological\organic webbing generation;generation powers
biomass alteration;mass powers
biomorphing;DELETE
bionic arm;DELETE
biophysical control;DELETE
biosphere recreation;DELETE
black panther knowledge;knowledge powers
black september jumpstart;DELETE
black vortex empowerment;empowerment powers
blade;blades
blasts;blasts powers
blight blade projection;projection powers
blindsight;senses powers
bloodline heritage;DELETE
bodily augmentation;DELETE
bodily reconstruction;construct powers
body control;DELETE
body possession;possession powers
body storage;DELETE
body temperature manipulation;manipulation powers
body transformation;transformation powers
bolstered durability;enhanced durability
bolstered strength;enhanced strength
bolts of lactal energy;bolt powers
bone claws;claws
bone protrusion generation;generation powers
bouncing ball;DELETE
brainwave manipulation;manipulation powers
breach creation (latent);DELETE
brood eggs;DELETE
burning touch;DELETE
burnstein process;DELETE
burstein process;DELETE
canine control;DELETE
canopy, parachute or sheath;DELETE
celestial tech like armor;DELETE
cellular regeneration;regeneration
cellular shape shifting;shapeshifting
celtic magick;magic powers
chain manifestation;manifestation powers
change channel;DELETE
cheek storage;DELETE
chemically induced webbing generation;generation powers
chi enhanced durability;chi powers
chi enhanced durability;enhanced durability
chi enhanced fist;chi powers
chi enhanced reflexes;chi powers
chi enhanced reflexes;enhanced reflexes
chi enhanced senses;chi powers
chi enhanced senses;senses powers
chi enhanced speed;chi powers
chi enhanced speed;enhanced speed
chi healing;chi powers
chi healing;healing powers
chi sense;senses powers
chi sense;chi powers
chrono shield;shields powers
chrono shield;chrono powers
chronokinetic augmentation;chrono powers
claw like pincers;claws
claws and blades;claws
claws and blades;blades
claws and talons;claws
claws and talons;talons
claws and teeth;enhaced teeth
claws and teeth;claws
climbing;wall crawling
cloak mind;cloak/stealth powers
cloaking;cloak/stealth powers
clothes changing;DELETE
cohesion;DELETE
cold spell;spell casting
color manipulation;manipulation powers
color manipulation;color powers
combat adaption;adaptation powers
combat hypnosis;hypnosis
communication;DELETE
composite symbiotic costume;symbiotic powers
computer brain;DELETE
computer interface;DELETE
computer interfacing;DELETE
concussive energy blasts;blasts powers
concussive energy blasts;concussive powers
concussive energy projection;projection powers
concussive energy projection;concussive powers
condemnation;DELETE
conjuring;conjuring powers
connection to asgard;DELETE
consciousness transfer;DELETE
constituent matter manipulation (hair);manipulation powers
constituent matter manipulation (hair);matter powers
construct;construct powers
contain explosions;DELETE
contaminant resistance;resistance powers
contracting;DELETE
control of gravitons;gravitational/graviton powers
controlled optic blasts;blasts powers
controlled optic blasts;optic powers
corruption;DELETE
cosmic air;cosmic powers
cosmic armaments;cosmic powers
cosmic earth;cosmic powers
cosmic energy absorption;absorption powers
cosmic energy absorption;cosmic energy powers
cosmic energy absorption;cosmic powers
cosmic energy projection;projection powers
cosmic energy projection;cosmic energy powers
cosmic energy projection;cosmic powers
cosmic flame;cosmic powers
cosmic form;cosmic powers
cosmic form;form powers
cosmic hearing;cosmic powers
cosmic hearing;senses powers
cosmic level awareness;cosmic awareness
cosmic level telekinetic blast;cosmic powers
cosmic level telekinetic blast;blasts powers
cosmic level telekinetic blast;telekinetic powers
cosmic penance stare;cosmic powers
cosmic power;cosmic powers
cosmic powers;cosmic powers
cosmic pyrokinetics;pyrokinesis/pyrokinetics
cosmic ray transformation;transformation powers
cosmic self sustenance;cosmic powers
cosmic vision;cosmic powers
cosmic water;cosmic powers
cosmic wings;cosmic powers
costume summoning;summoning powers
creation;DELETE
creature summoning;summoning powers
crimson band of cincinnati;DELETE
crow familiars;DELETE
cryokinetic perception;perception/detection powers
cushion;DELETE
cyber mind;DELETE
cybernetic appendages;cybernetic enhancements
cybernetic arms;cybernetic enhancements
cybernetic brain;cybernetic enhancements
cybernetic defense;cybernetic enhancements
cybernetic enhancements;enhacements
cybernetic healing factor;regenerative healing factor
cybernetic interface;cybernetic enhancements
cybernetic restoration;cybernetic enhancements
cybernetic tentacles;cybernetic enhancements
cybernetically enhanced body;cybernetic enhancements
danger sense broadcasting;senses powers
dark magic;magic powers
dark solar plasma blasts;blasts powers
dark solar plasma blasts;plasma powers
darkforce dimension;darkforce powers
darkforce projection;darkforce powers
darkforce projection;projection powers
darkforce teleportation;darkforce powers
darkforce teleportation;teleportation
darkhold augmentation;DELETE
darkness creation;DELETE
darkness manipulation;manipulation powers
darkness manipulation;darkness powers
darkness of the divine conduit;DELETE
darkshade view;DELETE
darts;DELETE
death factor;DELETE
death god;DELETE
death perception;perception/detection powers
death sense;senses powers
death spore release;DELETE
death touch;DELETE
decelerated aging/conventional immortality;immortality
decelerated aging/conventional immortality;slowed/suspended/suppresed aging
demon form;demon powers
demon form;form powers
demon magic manipulation;manipulation powers
demon magic manipulation;demon powers
demon summoning;demon powers
demon summoning;summoning powers
demonic energy projection;projection powers
demonic energy projection;demon powers
dense flesh;DELETE
dense tissue;superhuman dense tissue
density control;DELETE
density manipulation;manipulation powers
density manipulation;density powers
despair inducement;DELETE
destruction;DELETE
detection;perception/detection powers
dhampir physiology;DELETE
diamond form;form powers
dichromatimorphic skin;DELETE
digital immersion;DELETE
dimension gate;dimensional powers
dimension travel;travel powers
dimension traveling;travel powers
dimensional aperture;dimensional powers
dimensional body positioning;dimensional powers
dimensional distortion;dimensional powers
dimensional manipulation;manipulation powers
dimensional manipulation;dimensional powers
dimensional splicing;dimensional powers
disease resistance;resistance powers
disease resistances;resistance powers
disguise/illusions;illusions
disintegration;disintegration
disintegration waves;disintegration
displacement field gars;DELETE
divine empowerment;empowerment powers
divine sources;DELETE
djalia transport;DELETE
doctor doom's brain patterns;DELETE
doom's armor;DELETE
doopish magic;magic powers
dream manipulation;manipulation powers
dream manipulation;dream powers
dreamspace manipulation;manipulation powers
dreamspace manipulation;dream powers
druidic magic;magic powers
duplication absorption;absorption powers
duplication experience transference;duplication
duplication healing;healing powers
dynamic durability;DELETE
dynamokinesis;dynamokinesis
e.v.a.;DELETE
earth manipulation;manipulation powers
earth manipulation;earth/geo powers
eldritch magic;magic powers
electric blasts;blasts powers
electric blasts;eletric powers
electric isolation;eletric powers
electric wave perception;eletric powers
electrical blast;blasts powers
electrical blast;eletric powers
electro search;DELETE
electrokinetic haemopyrokinesis / sanguine combustion;pyrokinesis/pyrokinetics
electrolocation;DELETE
electromagnetic contact lenses;electromagnetic powers
electromagnetic pulse;electromagnetic powers
electromagnetic spectrum vision;electromagnetic powers
electromagnetic spectrum vision;enhanced/specific vision
electromagnetism;electromagnetic powers
electromagnetokinesis;electromagnetic powers
electronic communication;DELETE
element and magical manipulation;manipulation powers
element and magical manipulation;magic powers
element breath;breath powers
embodiment of irresistible force;DELETE
emotion construct generation;construct powers
emotional and physiological control/manipulation;manipulation powers
emotional and physiological control/manipulation;control powers
emotional bridges;DELETE
emotional empathy;empathy/emphatical powers
emotional manipulation;manipulation powers
emp device;DELETE
empathic empowerment;empathy/emphatical powers
empathic metamorph;empathy/emphatical powers
empathic reading;empathy/emphatical powers
empathically driven teleportation;empathy/emphatical powers
empathically driven teleportation;teleportation
empathy/acidic secretion;empathy/emphatical powers
encephalo scanner;DELETE
encephalonic technology;techno powers
endurance;enhanced endurance
energized bone claws;claws
energy absorption & discharges;absorption powers
energy absorption & discharges;discharge powers
energy assimilation;energy powers
energy avatar;energy powers
energy beam;beams powers
energy beam;energy powers
energy channeling;energy powers
energy consumption;energy powers
energy control;energy powers
energy conversion;energy powers
energy detection;perception/detection powers
energy detection;energy powers
energy discharges;energy powers
energy discharges;discharge powers
energy duplication;energy powers
energy emission;energy powers
energy enhanced strike;energy powers
energy form (latent);form powers
energy form (latent);energy powers
energy infusion;energy powers
energy manipulation (formerly);manipulation powers
energy manipulation (formerly);energy powers
energy projectiles;energy powers
energy projection and absorption;projection powers
energy projection and absorption;absorption powers
energy pulse stinger;energy powers
energy resistance;resistance powers
energy shield;shields powers
energy shield;energy powers
energy shielding;shields powers
energy shielding;energy powers
energy spheres;energy powers
energy swords;energy powers
energy thread generation;energy powers
energy transfer;energy powers
energy transferal;energy powers
enhanced abilities;DELETE
enhanced agility and reflexes;enhanced agility
enhanced agility and reflexes;enhanced reflexes
enhanced balance;DELETE
enhanced blast power;blasts powers
enhanced condition;enhanced condition
enhanced constitution;DELETE
enhanced eyesight;senses powers
enhanced healing factor;regenerative healing factor
enhanced intelligence & memory;enhaced/superhuman intelligence or genius
enhanced learning capabilities;DELETE
enhanced lungs;DELETE
enhanced mental capability;mental powers
enhanced musculature;DELETE
enhanced peripheral vision;enhanced/specific vision
enhanced physical attributes;DELETE
enhanced powers;DELETE
enhanced reaction time;DELETE
enhanced reflexes and senses;senses powers
enhanced resilience;DELETE
enhanced sense of smell;senses powers
enhanced spider sense;spider sense
enhanced strength & durability;enhanced durability
enhanced strength & durability;enhanced strength
enhanced superhuman agility;superhuman agility
enhanced superhuman durability;superhuman durability
enhanced superhuman reflexes;superhuman reflexes
enhanced superhuman speed;superhuman speed
enhanced thought process;DELETE
enhanced tracking;DELETE
enhanced vampirism;vampirism
enhanced visual abilities;enhanced/specific vision
enhanced wall crawling;wall crawling
ensnare astral bodies;astral powers
entering other planes of existence;DELETE
equilibrium earrings;DELETE
esp;DELETE
esp immunity;immunity to different things
essential vampirism;vampirism
evil eye;DELETE
expanding;DELETE
explosion generation;generation powers
extended lifespan;DELETE
extended reach;DELETE
external force immunity;immunity to different things
externalized nervous system;DELETE
extrasensory perception;perception/detection powers
extreme temperature resistance;resistance powers
extremis 16.5;DELETE
extremis virus;DELETE
extremis virus infusion;DELETE
eye beam;beams powers
familial power bestowal;power bestowal
feral lupine form;form powers
fire and heat immunity;immunity to different things
fire generation;generation powers
fire invulnerability;invulnerability
fire solidification;fire powers
fist weapons;DELETE
flame sheath;DELETE
flash light;DELETE
flat body;DELETE
flight (latent);flight
follower augmentation;DELETE
force fields removal;DELETE
force wave conjuration;conjuring powers
former powers;DELETE
four extra arms;DELETE
fourth wall;DELETE
frost immunity;immunity to different things
full body perception;perception/detection powers
future life force tap;life force powers
g force compensation;DELETE
gamma power mimicry;gamma powers
gamma radiation enhancements;enhacements
gamma radiation enhancements;radiation powers
gaseous form;gas powers
gaseous form;form powers
gaseous form manipulation;manipulation powers
gaseous form manipulation;gas powers
genetic atavism;DELETE
genetic detection;perception/detection powers
genetic enhancements using mutant dna;enhacements
genetic sight;senses powers
genius level intellect;enhaced/superhuman intelligence or genius
geo connectivity;earth/geo powers
geokinetic psychic entity;earth/geo powers
geometric shapes;earth/geo powers
gestalt illusion casting;illusions
gestalt merge;DELETE
gestalt personality;DELETE
gestalt photokinesis;self sustenance
ghost hacking;intangibility
giant form;allspeak
giant size;DELETE
glass constructs;construct powers
glass generation;generation powers
gliding;DELETE
global locationing;DELETE
god level speed;enhanced speed
god level stamina;enhanced stamina
god level strength;above super (god, unlimited) strength
godlike speed;enhanced speed
godlike strength;above super (god, unlimited) strength
godly decrees;DELETE
granite body;DELETE
grappling;DELETE
gravitational manipulation;manipulation powers
gravitational manipulation;gravitational/graviton powers
gravitational mass allocation;gravitational/graviton powers
graviton attraction;gravitational/graviton powers
graviton blast;blasts powers
graviton blast;gravitational/graviton powers
graviton manipulation;manipulation powers
graviton manipulation;gravitational/graviton powers
grotesque appearance;DELETE
gwendorian physiology;DELETE
hallucinogen/toxin secretion;DELETE
hammer of kuurth;DELETE
hard radiation;radiation powers
heal trauma;DELETE
healing factor (latent);regenerative healing factor
healing hibernation;healing powers
healing powers;healing powers
healing touch;healing powers
healing/restoration;regenerative healing factor
hearing;senses powers
heat generation;generation powers
heat resistance;resistance powers
heightened awareness;awareness
heightened reflexes;enhanced reflexes
hell charger linkage;DELETE
hell charger manifestation;manifestation powers
hell firestorm;hellfire powers
hellfire;hellfire powers
hellfire attacks;hellfire powers
hellfire forgery;hellfire powers
hellfire projection;projection powers
hellfire telekinesis;hellfire powers
hellfire telekinesis;telekinetic powers
hex bolts;bolt powers
hibernation;DELETE
hibernation healing;healing powers
high speed flight;enhanced speed
hive mind;DELETE
hive mind / telepathic web[92];DELETE
hive mind system;DELETE
hive senses;senses powers
hollow bones;DELETE
holographic projection;projection powers
holographic technology;techno powers
hot claws;claws
hot spell;spell casting
hovering hoops of hula;DELETE
hulk physiology;DELETE
human hive;DELETE
human/atlantean physiology;DELETE
hyperpulse mark ix;DELETE
hyperspace speed;enhanced speed
hyperspace teleportation;teleportation
hypnotic charm;hypnosis
hypnotic trance;hypnosis
ice clone generation;generation powers
idealized physique;DELETE
identity detection;perception/detection powers
illusion;illusions
illusion awareness;DELETE
illusion conjuring;illusions
illusion perception;perception/detection powers
illusionist;illusions
imitation;DELETE
immeasurable strength;above super (god, unlimited) strength
immense regenerative capabilities;regeneration
immense superhuman strength;superhuman strength
immense superhuman strength;above super (god, unlimited) strength
immortality (allegedly);immortality
immortality (formerly);immortality
immortality / physical reconstitution;regenerative healing factor
immortality / physical reconstitution;immortality
immortality and regeneration;immortality
immortality and regeneration;regeneration
immortality[7] and superhuman durability;superhuman durability
immortality[7] and superhuman durability;immortality
immune to spider man's spider sense;immunity to different things
immunity;immunity to different things
immunity of spider man spider sense;immunity to different things
immunity to diseases and viruses;immunity to different things
immunity to extremes in temperature;immunity to different things
immunity to most vampire vulnerabilities;immunity to different things
immunity to sunlight;immunity to different things
immunity to toxins, poisons, drugs, and radiation;immunity to different things
immunity to vampire vulnerabilities;immunity to different things
immunity to vampires;immunity to different things
impact resistant skin;resistance powers
impaired sense of touch/selective pain suppression;immunity to different things
impervious armor;DELETE
implanted blades;blades
impurity sense;senses powers
increase and decrease of mass;mass powers
increased biomass;mass powers
increased perceptions and reflexes;enhanced reflexes
increased psionic resistance;resistance powers
indestructible skeleton;DELETE
indomitable willpower;DELETE
infection;DELETE
infectious bite;DELETE
infernokinesis;infernokinesis
infiltration;DELETE
infini tendrils;DELETE
infinite control of oceans;DELETE
infinite longevity/fearlessness;slowed/suspended/suppresed aging
infinite mass punch;mass powers
infinity cloak;cloak/stealth powers
influence and bonding;DELETE
inhuman strength;enhanced strength
inkling;DELETE
inodorosity;DELETE
inorganic disintegration;disintegration
insectivorid physiology;DELETE
instant regeneration;regeneration
intelligence;enhaced/superhuman intelligence or genius
interdimensional & intradimensional portals;portal creation
interdimensional travel;interdimensional powers
interdimensional vision;enhanced/specific vision
internal bodily cleansing;DELETE
internal defenses;DELETE
internal limbo;DELETE
intuitive multilingual;intuitive powers
intuitive multilingual;linguistics
intuitive tactical ability;intuitive powers
invisibility/disappearance;invisibility
invisible barrier;invisibility
invunerability;DELETE
ionic conversion;ionic powers
ionic vampirism;ionic powers
iron wasp storage;DELETE
iron will;DELETE
irresistible force embodiment;DELETE
item conjuring;conjuring powers
japanese macaque;DELETE
jet propulsion;DELETE
kakarantharaian physiology;DELETE
karmic blast;blasts powers
karmic blast;karmic powers
kinetic blast;blasts powers
kinetic blast;kinetic powers
kinetic energy redirection;kinetic powers
kinetic memory;memory powers
kinetic shadow form;form powers
kinetic shadow form;shadow powers
klyntar assimilation;DELETE
knockout gas;gas powers
knowledge;knowledge powers
language learning;DELETE
laser implants;DELETE
laser mimicry & projection;projection powers
lateral lines;DELETE
lava form;form powers
leaping (latent);leaping powers
learning program;DELETE
levitation / flight;flight
levitation / flight;levitation
levitation and fly;flight
levitation and fly;levitation
lie detection;perception/detection powers
life energy absorption;absorption powers
life energy absorption;life force powers
life force detection;life force powers
life force manipulation;manipulation powers
life force manipulation;life force powers
life model decoy;DELETE
life support;DELETE
lifeform detection;perception/detection powers
light alteration;manipulation powers
light manipulation;manipulation powers
light manipulation;light powers
light of truth;DELETE
light projection;projection powers
lightning;DELETE
lightning conjuring;conjuring powers
lightning/electrokinesis;electrokinesis
lights;DELETE
limb extension;DELETE
limited immortality;immortality
limited magic ability;magic powers
limited sunlight exposure;DELETE
limited superhuman speed;superhuman speed
limited telepathic communication;telephatic powers
limited telepathy;telepathy
limited telepathy;telephatic powers
linked to theaxis mundi;DELETE
liquid metal appendages;metal powers
liquid metal metamorphosis;metal powers
living armor;DELETE
lizard form;form powers
long, elastic, sticky, prehensile, forked tongue;prehensile tongue
longevity/immortality;slowed/suspended/suppresed aging
longevity/immortality;immortality
love eyes;DELETE
lunakinesis;lunakinesis
lunatic laugh resistance;resistance powers
machine animation;DELETE
machine gun mode;DELETE
machine invisibility;invisibility
magic energy blasts;blasts powers
magic energy blasts;energy powers
magic knowledge;knowledge powers
magic knowledge;magic powers
magic manipulation;manipulation powers
magic manipulation;magic powers
magical ability;magic powers
magical affinity;magic powers
magical bolts;magic powers
magical bolts;magic powers
magical energy blasts;magic powers
magical energy blasts;blasts powers
magical healing;magic powers
magical healing;healing powers
magical wave perception;magic powers
magma form;form powers
magnetic armor;magnetic powers
magnetic pulse;magnetic powers
magnetokinesis;magnetokinesis
malleability;DELETE
malleable metal body;metal powers
man beast immunity;immunity to different things
man thing physiology;DELETE
manifestation of deity power;manifestation powers
mass manipulation;manipulation powers
mass manipulation;mass powers
mass particle transference (latent);mass powers
mass possession;possession powers
master of all souls;DELETE
master showmanship;DELETE
matter generation;generation powers
matter generation;matter powers
matter surfing;matter powers
matter transmutations;matter powers
matter transmutations;transmutation powers
matter/energy manipulation;manipulation powers
matter/energy manipulation;matter powers
matter/energy manipulation;energy powers
meca psychometry;psychometry
mechanical construct creation;construct powers
mechanical duplication;duplication
medium awareness;awareness
mega venom blast;blasts powers
mega venom blast;venom powers
memory absorption;absorption powers
memory capacity;memory powers
memory erasure;memory powers
memory exchange;memory powers
memory implantation;memory powers
memory overload;memory powers
memory projection / telemorphic manifestation[6];manifestation powers
memory projection / telemorphic manifestation[6];projection powers
memory reading;memory powers
memory recall;memory powers
memory restoration;memory powers
mental blasts;blasts powers
mental blasts;mental powers
mental blocks;mental powers
mental bolts;mental powers
mental bolts;mental powers
mental control over animals;mind control
mental energy absorption;absorption powers
mental energy absorption;mental powers
mental illusions;illusions
mental link;mental powers
mental manipulation;manipulation powers
mental manipulation;mental powers
mental power amplifier;mental powers
mental projection;projection powers
mental projection;mental powers
mental resistance;resistance powers
mental sedating;mental powers
mental shield;shields powers
mental shield;mental powers
mental shield removal;DELETE
mental shields;shields powers
mental shields;mental powers
mental static;mental powers
mesmerism/hypnotism;hypnosis
mesmerism/hypnotism;mesmerism
meta possession;possession powers
metahuman stamina;enhanced stamina
metal adaptation;adaptation powers
metal nail;metal powers
metal or matter manipulation;manipulation powers
metal or matter manipulation;mettal powers
metal or matter manipulation;matter powers
metallic body;metal powers
metamorphic adaptation;adaptation powers
metaphorm;DELETE
micro bombs;DELETE
micro cellular manipulation;manipulation powers
microwave perception;perception/detection powers
milk hair;DELETE
mind affecting features;mind powers
mind cloaking;mind powers
mind cloaking;cloak/stealth powers
mind meld;mind powers
mind reading;mind powers
mind shield;shields powers
mind shield;mind powers
mind stone;DELETE
mineral body;DELETE
minor molecular control;molecular powers
minor pheromone manipulation;manipulation powers
minor pheromone manipulation;pheromone powers
missiles;DELETE
mist effect;DELETE
mist form;form powers
mist mimicry;DELETE
modified physiology;DELETE
molecular atomic dissolution;molecular powers
molecular distortion;molecular powers
molecular filter;molecular powers
molecular moisture conversion;molecular powers
molecular moisture inversion;molecular powers
molecular psychic linking;psychic powers
molecular restructuring;molecular powers
molecule acceleration;DELETE
monster communication;DELETE
monster control;DELETE
monster creation;DELETE
monster fusion;DELETE
monstrous transformation;transformation powers
motility support;DELETE
movement;DELETE
movement impairment;DELETE
multi claw projection;projection powers
multi claw projection;claws
multiple eyes;DELETE
multitasking;DELETE
mummudrai manifestation;manifestation powers
muscle mass enhancement;enhacements
mutagenic enzyme;DELETE
mutant detection;perception/detection powers
mutant enhanced intelligence;enhaced/superhuman intelligence or genius
mutant/atlantean physiology;DELETE
mutated appearance;DELETE
mutated pheromone;pheromone powers
mystic energy bolts;bolt powers
mystic energy bolts;mystic powers
mystic portals;mystic powers
mystical conjuring;mystic powers
mystical empowerment;mystic powers
mystical energy blasts;blasts powers
mystical energy blasts;mystic powers
mystical force beams;beams powers
mystical force beams;mystic powers
mystical force fields;mystic powers
mystical force fields;force field powers
mystical knowledge;knowledge powers
mystical knowledge;mystic powers
mystical link;mystic powers
mystical potential;mystic powers
mystical senses;senses powers
mystical teleportation;teleportation
mystical teleportation;mystic powers
mysticism;mystic powers
nail manipulation;manipulation powers
nanite constructs;construct powers
nanite cybernetics;cybernetic enhancements
nanite manipulation;manipulation powers
nanite manipulation;nanite powers
nano technological self repair;self/quick repair
nanotech armor manipulation;manipulation powers
nanotech armor manipulation;nanotech powers
nanotech form;form powers
natural perception;perception/detection powers
natural weapons;DELETE
natural winged flight;flight
nature control;DELETE
near instant healing factor;regenerative healing factor
near omnipotence;DELETE
necessity;DELETE
nega band based energy absorption;absorption powers
negative emotional release;DELETE
negative zone augmentation;DELETE
negligible body functions;DELETE
nervous system control;DELETE
nether communication;DELETE
nether realm enhancement;enhacements
netherworld dimensional power tap;dimensional powers
network access;DELETE
neuro electric sensitivity;senses powers
nigh immortality;immortality
nigh limitless strength;above super (god, unlimited) strength
night augmentation;DELETE
no limitations;DELETE
nuclear vision;enhanced/specific vision
null force energy field;energy powers
offensive secretion;DELETE
offshoot generation;generation powers
omnipresence;DELETE
open locks;DELETE
optic beams;beams powers
optic beams;optic powers
organic ice form;form powers
organic steel form;form powers
organic webbing;webbing powers
osteokinesis;osteokinesis
other mystical abilities;mystic powers
other skills;DELETE
pain immunity;immunity to different things
palm sensors;sensors
pan dimensional phasing (latent);dimensional powers
parabolic hearing;senses powers
paralytic resin;DELETE
paralyzing waves;DELETE
parasitic inheritance;DELETE
partial omniscience;DELETE
particle & electron channeling;DELETE
particle & electron manipulation;DELETE
pathokinesis;pathokinesis
peak human aging;slowed/suspended/suppresed aging
peak human immune system;immunity to different things
peak human intelligence;enhaced/superhuman intelligence or genius
peak human physical ability;DELETE
peak human regeneration;regeneration
penance kiss;DELETE
penetrating vision;enhanced/specific vision
perfect equilibrium;superhuman/perfect equilibrium
permanent bond;DELETE
person identification;DELETE
pestilence enhancement;enhacements
phase jumping;DELETE
phase transformation;transformation powers
phased/intangible camouflage;camouflage
phased/intangible disruption;intangibility
phased/intangible extension;intangibility
phased/intangible travel;travel powers
phasing;DELETE
philosophical awareness;awareness
phoenix blow;DELETE
phoenix force avatar;DELETE
phoenix force manifestation;manifestation powers
phoenix powers;DELETE
photographic memorization;memory powers
photographic reflexes;enhanced reflexes
photon energy blasts;blasts powers
photon energy blasts;photon powers
photonic blasts;blasts powers
photonic blasts;photon powers
physical alteration;DELETE
physical augmentation;DELETE
physical immunity;immunity to different things
physical movement prediction;DELETE
pistol mode;DELETE
plant manipulation;manipulation powers
plant manipulation;plant powers
plasma blasts;blasts powers
plasma blasts;plasma powers
plasma emanation;DELETE
pleasure stimulation;DELETE
pluvian physiology;DELETE
pocket universe creation;DELETE
poison resistance;resistance powers
poisonous plumage;DELETE
polymorph;DELETE
porcupine like quills;DELETE
portals;portal creation
possession and resurrection;possession powers
possession and resurrection;resurrection
possession resistance;resistance powers
possession/people control;possession powers
possible immortality;immortality
possible teleportation;teleportation
possum physiology;DELETE
postcognition;DELETE
power amplification;DELETE
power and telepathic immunity (possibly formerly);immunity to different things
power augmentation manipulation;manipulation powers
power cosmic;cosmic powers
power detection;perception/detection powers
power duplication;duplication
power imbuing;DELETE
power neutralizer;DELETE
power recycling (latent);DELETE
power stone;DELETE
power/ability bestowal;power bestowal
powers alteration;DELETE
powers enhancing;DELETE
powers nullifying;DELETE
precognition & retrocognition;precognition
precognitive powers;precognition
prehensile hair;DELETE
prescience;DELETE
preternatural speed and agility;enhanced agility
preternatural speed and agility;enhanced speed
probability field manipulation;manipulation powers
probability field manipulation;probability powers
probabily manipulation;manipulation powers
probabily manipulation;probability powers
program transmitter;DELETE
projection;projection powers
projective shrinking;projection powers
prolonged lifespan;slowed/suspended/suppresed aging
prosthetic hand;DELETE
protective halo;DELETE
protoplasmic form;form powers
proximity sense;senses powers
pseudo immortality;immortality
pseudo vampirism;vampirism
psi screen;psionic powers
psi talons;psionic powers
psi talons;talons
psionic abilities;psionic powers
psionic armor[66][67][13];psionic powers
psionic body;psionic powers
psionic bolt generation;bolt powers
psionic bolt generation;psionic powers
psionic bolts;bolt powers
psionic bolts;psionic powers
psionic butterfly wings;psionic powers
psionic capabilities;psionic powers
psionic energy absorption;absorption powers
psionic energy absorption;psionic powers
psionic energy blasts;blasts powers
psionic energy manipulation;manipulation powers
psionic energy manipulation;psionic powers
psionic energy materialization;psionic powers
psionic energy solidification;psionic powers
psionic exoskeleton armor;psionic powers
psionic fire;psionic powers
psionic firebird;psionic powers
psionic force field generation;generation powers
psionic force field generation;psionic powers
psionic force field generation;force field powers
psionic force fields;psionic powers
psionic force fields;force field powers
psionic gliding;psionic powers
psionic katana;psionic powers
psionic knife;psionic powers
psionic manipulation;manipulation powers
psionic manipulation;psionic powers
psionic nexus;psionic powers
psionic rocket launcher;psionic powers
psionic shadow;psionic powers
psionic shields;shields powers
psionic shields;psionic powers
psionic shotgun;psionic powers
psionic tracking;psionic powers
psionic vibrations;psionic powers
psionic weapons;psionic powers
psionic webbing;psionic powers
"psychic ""construct""";psychic powers
"psychic ""construct""";construct powers
psychic blast;blasts powers
psychic blast;psychic powers
psychic connection;psychic powers
psychic constructs;psychic powers
psychic constructs;construct powers
psychic defense;psychic powers
psychic defenses;psychic powers
psychic energy and undetectability;psionic powers
psychic energy and undetectability;undetectability
psychic entity physiology;DELETE
psychic immunity;immunity to different things
psychic possession;possession powers
psychic possession;possession powers
psychic skills;psychic powers
psychic vampire;vampirism
psychokinetics blasts;blasts powers
psychokinetics blasts;psychokinetics powers
psychological awareness of environment;awareness
psychological intuition;intuitive powers
psychometric projections;projection powers
psychosomatic suggestion;DELETE
psyklop eye;DELETE
pyroplasmic regeneration;regeneration
quantimization[4][7] aka hyper teleportation;teleportation
quantum manipulation;manipulation powers
quantum manipulation;quantum powers
quantum singularity;quantum powers
quick self repair;self/quick repair
raccoon physiology;DELETE
raccoon senses;senses powers
radiated form manipulation;manipulation powers
radiated form manipulation;form powers
radiation absorption & manipulation;absorption powers
radiation absorption & manipulation;manipulation powers
radiation absorption & manipulation;radiation powers
radiation emission;emission powers
radiation emission;radiation powers
radiation emitters;emission powers
radiation emitters;radiation powers
radiation generation;generation powers
radiation generation;radiation powers
radiation projection;projection powers
radiation projection;radiation powers
radiation shields;shields powers
radiation shields;radiation powers
rage enhancement;enhacements
raggadorr plea;DELETE
rapid healing;healing powers
rapid healing factor;regenerative healing factor
razor claws;claws
razor sharp claws & teeth;claws
razor sharp claws & teeth;enhaced teeth
razor sharp claws and fangs;claws
razor sharp claws and fangs;fangs
razor sharp spikes & claws;spikes
razor sharp spikes & claws;claws
reality stone;DELETE
reality transmutation;reality powers
reality transmutation;transmutation powers
reality warp immunity;immunity to different things
realm empowerment;empowerment powers
recorder hard light holograms;DELETE
recreation;DELETE
recursive retaining enhancement;enhacements
redirect projectiles;DELETE
reflexes;enhanced reflexes
reflexes and speed;enhanced reflexes
reflexes and speed;enhanced speed
reformation;DELETE
regenerating healing factor;regenerative healing factor
regenerative durability;regenerative healing factor
regenerative durability/immortality/toxic immunity;immunity to different things
regenerative durability/immortality/toxic immunity;immortality
regenerative durability/immortality/toxic immunity;regenerative healing factor
regenerative husking;regenerative healing factor
regenerative immortality;immortality
regenerative system;regenerative healing factor
reincarnation;DELETE
remote projection;projection powers
repetitive hosting empowerment;empowerment powers
replacement body;DELETE
reptilian physiology;DELETE
reptilian regenerative properties;regenerative healing factor
repulsor beam;beams powers
repulsor gauntlets;DELETE
repulsor rays;DELETE
resistance to disease;resistance powers
resistance to magic;resistance powers
resistance to sunlight;resistance powers
resistances;resistance powers
resurrection (possibly);resurrection
resurrection/healing;healing powers
resurrection/healing;resurrection
resurrection/reanimation;resurrection
retained consciousness;DELETE
retractable blade;blades
retractable nails;DELETE
retractable skeletal spikes;spikes
revenant;DELETE
revitalization;DELETE
revival;DELETE
rider sense;senses powers
rings of restraint;DELETE
robot;DELETE
rock like skin;DELETE
rocket fist;DELETE
rodent control;DELETE
rodent powers;DELETE
romani magic;magic powers
rope;DELETE
sand blasts;blasts powers
sand blasts;sand powers
sand clones;DELETE
sand conversion;DELETE
scanner detection immunity;immunity to different things
scorpion sense;senses powers
seal;DELETE
secondary nervous system;DELETE
seismic energy immunity;immunity to different things
seismic energy manipulation;manipulation powers
seismic energy manipulation;seismic powers
selective phasing/intangibility;intangibility
self detonation;DELETE
self duplication;duplication
self healing;healing powers
self mastery;DELETE
self molecular manipulation;manipulation powers
self power bestowal/volga effect;power bestowal
self propelled glide;DELETE
self repair;self/quick repair
self repairing system;self/quick repair
self size alteration;size alteration
self sustaining endurance;enhanced endurance
self sustenance (latent);self sustenance
semi solid liquid state;DELETE
senses;senses powers
sensor apparatus;DELETE
sensory array;DELETE
sensory link;link powers
sensory scrying;DELETE
sentinel creation;DELETE
seventh sense;senses powers
shadow animation and possession;shadow powers
shadow animation and possession;possession powers
shadow beast;shadow powers
shadow constructs;construct powers
shadow constructs;shadow powers
shadowy projection;projection powers
shadowy projection;shadow powers
shape changing;shapeshifting
shapeshifting (latent);shapeshifting
shield projection;projection powers
shielding systems;shields powers
shifting crystal skin;shapeshifting
shock waves;DELETE
shockwave generation;generation powers
short range electric shocks;eletric powers
sight;senses powers
sigil scars;DELETE
silent scream;DELETE
silicon based lifeform;DELETE
silk sense;senses powers
simulated telekinesis;telekinesis
sin eating;DELETE
sin empowerment;empowerment powers
sin manipulation;manipulation powers
sin perception;perception/detection powers
siren physiology;DELETE
sixth sense;senses powers
size addition (formerly);size alteration
size alteration (latent);size alteration
size and mass alteration;mass powers
size transformation;size alteration
skyfather physiology;DELETE
sleep inducement;DELETE
sleeper trapping;DELETE
sling shot;DELETE
slowed aging;slowed/suspended/suppresed aging
smell;DELETE
smilodon physiology;DELETE
smoke breathing;breath powers
smoke manipulation;manipulation powers
smoke manipulation;smoke powers
solar radiation absorption;absorption powers
solar radiation absorption;radiation powers
solar re channeling;DELETE
solid energy constructs/simulated telekinesis;construct powers
sonar sense;senses powers
song of the deep;DELETE
sonic chirp;sonic powers
sonic wave;sonic powers
"soul ""suck""";soul powers
soul anchoring;soul powers
soul capturing;soul powers
soul consumption;soul powers
soul control & manipulation;manipulation powers
soul control & manipulation;soul powers
soul reading;soul powers
soul splitting;soul powers
soulworld access;DELETE
sound immunity;immunity to different things
space flight;flight
space manipulation;manipulation powers
space manipulation;space powers
space stone;DELETE
space/time migration;time powers
speaker to the gods or loa;DELETE
speed;enhanced speed
speed boost;enhanced speed
speed force;enhanced speed
spell of darkness;spell casting
spells;spell casting
spheres;DELETE
spider augmented physiology;DELETE
spider legs;DELETE
spider nonsense;DELETE
spider physiology/oz formula enhancements;enhacements
spider power negation;DELETE
spider sense immunity;immunity to different things
spider society tattoo;DELETE
spines;DELETE
spirit energy constructs;spirit powers
spirit energy constructs;construct powers
spiritual communication;spirit powers
spiritual possession;spirit powers
spiritual possession;possession powers
stabilization sensors;sensors
stamina;enhanced stamina
star portal creation;portal creation
stare of a thousand buddhas;DELETE
stellar matrix sense;senses powers
stepping out of the time stream;DELETE
sting of kaine;kaine
stinger;stings
stone animation;DELETE
storm giant/asgardian physiology;DELETE
strength;enhanced strength
stretching;stretching and deforming
stun bolts;bolt powers
subliminal influence;DELETE
suffocation;DELETE
suggestion / persuasion;DELETE
summonbanshees from the void;summoning powers
summoning of exolon plasmoids;summoning powers
super genius intelligence;enhaced/superhuman intelligence or genius
super hearing;senses powers
super human endurance;enhanced endurance
super human speed;superhuman speed
super human strength;superhuman strength
super intelligence;enhaced/superhuman intelligence or genius
super soldier enhancements;enhacements
superhuman abilities;DELETE
superhuman agility and reflexes;superhuman reflexes
superhuman agility and reflexes;superhuman agility
superhuman concentration;DELETE
superhuman coordination;DELETE
superhuman durability or fire immunity;superhuman durability
superhuman durability or fire immunity;immunity to different things
superhuman durability/invulnerability;invulnerability
superhuman durability/invulnerability;superhuman durability
superhuman immune system;enhanced durability
superhuman intuitive ability;intuitive powers
superhuman jaw strength;DELETE
superhuman leaping ability;leaping powers
superhuman mobility;enhanced mobility
superhuman olfactory senses;senses powers
superhuman perceptions;perception/detection powers
superhuman physical abilities;DELETE
superhuman physical attributes;DELETE
superhuman physical prowess;DELETE
superhuman reflexes & reactions;superhuman reflexes
superhuman reflexes and senses;superhuman reflexes
superhuman reflexes and senses;senses powers
superhuman respiratory system;DELETE
superhuman sense of smell;senses powers
superhuman sight and hearing;senses powers
superhuman strength and speed;superhuman speed
superhuman strength and speed;superhuman strength
superhuman strength utilizations;superhuman strength
superhuman swimming speed;superhuman speed
superhuman tracking;senses powers
superhuman vision;enhanced/specific vision
superhuman vocal stamina;senses powers
superhumanly acute senes;senses powers
superhumanly acute sense of smell;senses powers
superior reflexes;enhanced reflexes
superman stamina;enhanced stamina
supernatural awareness;awareness
supernatural beauty / pheromones;pheromone powers
supernatural forces;DELETE
superpower manipulation;manipulation powers
survivability;DELETE
suspension of animation;DELETE
symbiomancy;symbiotic powers
symbiote;symbiotic powers
symbiote and codex absorbtion/augmentation;symbiotic powers
symbiote and codex absorbtion/augmentation;absorption powers
symbiote creation;symbiotic powers
symbiote domination;symbiotic powers
symbiote generated tail;symbiotic powers
symbiotic costume;symbiotic powers
synthesizedskrull organs;DELETE
tactical reload;DELETE
taste;DELETE
tattoo markings;DELETE
techno kinetic possession;techno powers
techno kinetic possession;possession powers
techno organic form;form powers
techno organic form;techno powers
techno organic virus;techno powers
techno shifting;techno powers
technoactive manipulation;techno powers
technoactive manipulation;techno powers
technological interfacing;techno powers
technological magic;magic powers
technological symbiosis;symbiotic powers
technology interface;techno powers
technomorphing modules;techno powers
technopathic link;techno powers
teeth and claws;teeth
teeth and claws;claws
telekinetic animation;telekinetic powers
telekinetic aura;telekinetic powers
telekinetic bow and arrow;telekinetic powers
telekinetic claws;claws
telekinetic crossbow;telekinetic powers
telekinetic deflection;telekinetic powers
telekinetic flare;telekinetic powers
telekinetic force blasts;blasts powers
telekinetic force blasts;telekinetic powers
telekinetic healing;telekinetic powers
telekinetic healing;healing powers
telekinetic holograms;telekinetic powers
telekinetic holograms[67];telekinetic powers
telekinetic invisibility;invisibility
telekinetic invisibility;telekinetic powers
telekinetic sensitivity;telekinetic powers
telekinetic spiked flail;telekinetic powers
telekinetic sword;telekinetic powers
telekinetic teleportation;telekinetic powers
telekinetic teleportation;teleportation
telekinetic weapons;telekinetic powers
telepathic camouflage / psi skin[9];camouflage
telepathic camouflage / psi skin[9];psionic powers
telepathic communication;telephatic powers
telepathic control & manipulation;manipulation powers
telepathic control & manipulation;telephatic powers
telepathic control over tentacles;telephatic powers
telepathic detection;telephatic powers
telepathic detection;perception/detection powers
telepathic illusions / psi projections[79];telephatic powers
telepathic illusions / psi projections[79];projection powers
telepathic illusions / psi projections[79];illusions
telepathic illusions / psi projections[79];psionic powers
telepathic manipulation;manipulation powers
telepathic manipulation;telephatic powers
telepathic resistance/empathy;resistance powers
telepathic senses;senses powers
telepathic tracer;telephatic powers
telepathy & empathy;telepathy
telepathy & empathy;telephatic powers
telepathy & empathy;empathy/emphatical powers
teleportation (latent);teleportation
temporal duplicates;duplication
temporal duplication;duplication
temporal immunity;immunity to different things
temporal stasis;DELETE
terrigenesis;DELETE
the animus;DELETE
the power of faith;DELETE
the power of the funk;DELETE
the power primordial;DELETE
the realm of hades;DELETE
the sight;senses powers
thermal adaptation;adaptation powers
thermal variance;DELETE
thermal vision;enhanced/specific vision
thermokinetic concussive/energy blasts;blasts powers
thermokinetic concussive/energy blasts;concussive powers
thermokinetic concussive/energy blasts;energy powers
third eye power;DELETE
thor's powers;DELETE
thorsleep;DELETE
thought casting;DELETE
time disruption;time powers
time freeze resistance;resistance powers
time space synesthesia;time powers
time stone;DELETE
time traveling;travel powers
toxic absorption;absorption powers
toxic gas expulsion;gas powers
toxin & disease resistance;resistance powers
toxin creation;DELETE
toxin immunity;immunity to different things
toxin production;DELETE
tracking;DELETE
tractor beams;beams powers
transdimensional communication;DELETE
transferable consciousness;DELETE
transitional omni morph;DELETE
transmogrification;DELETE
transmorph;DELETE
transmutation of matter;matter powers
transmutation of matter;transmutation powers
trauma healing;DELETE
travel across the margins;travel powers
two dimensionality;dimensional powers
ultimate intangibility;intangibility
ultra beam;beams powers
ultra pulsors;DELETE
ultra voice;DELETE
uni vision;enhanced/specific vision
universal awareness;awareness
unknown physiology;DELETE
unlimited strength;above super (god, unlimited) strength
ursine transformation;transformation powers
uv immunity;immunity to different things
uv/infrared vision;enhanced/specific vision
valhalla;DELETE
vampire abilities;vampirism
vampire creation;vampirism
vapors of might;DELETE
variable charge;DELETE
variable energy generation;generation powers
variable energy generation;energy powers
vegetable control;DELETE
vegetation control;DELETE
vehicle possession;possession powers
vein and arteries webbing;webbing powers
venom beam;beams powers
venom beam;venom powers
venom blast;blasts powers
venom blast;venom powers
venom punch;venom powers
venom strike;venom powers
venom symbiote;symbiotic powers
venomous fangs;fangs
vibranium mesh skin;DELETE
vibration and air current sense via hair and webbing;webbing powers
vibratory shockwave generation;generation powers
virtual immortal;immortality
vision conjuration / divination;enhanced/specific vision
visions;enhanced/specific vision
vitakinesis;vitakinesis
vocal disorientation;DELETE
vocal pathokinesis;vocal pathokinesis
vocal trance;DELETE
vocal unconsciousness;DELETE
volcano creation;DELETE
vortex creation;DELETE
waking spell;spell casting
wall walking;wall crawling
war machine super armor;DELETE
war manipulation;manipulation powers
warfare expertise;DELETE
warp gaze;DELETE
warping speed;enhanced speed
wasp stings;stings
wasp's sting;stings
water blast;blasts powers
water blast;water powers
"water emission/""sprinkler system""";water powers
water leeching;water powers
wave modifying coating;DELETE
weak force manipulation;manipulation powers
weakness perception;perception/detection powers
weapon conjuring;conjuring powers
weapon creation;DELETE
weapon transformation;transformation powers
weaponized constructs;construct powers
weather insulated adaptation;weather powers
weather magic;magic powers
weather magic;weather powers
web slinging;DELETE
weightlessness;DELETE
wetware implants;DELETE
willpower/telepathic resistance;resistance powers
wind generation;generation powers
world destruction capability;DELETE
wormhole creation;DELETE
wrist mounted blasters;blasts powers
x gene disruptor field;DELETE
x gene stabilization;DELETE
x ray vision;enhanced/specific vision
mystic portals;portal creation
interdimensional & intradimensional portals;interdimensional powers
interdimensional vision;interdimensional powers
interdimensional travel;travel powers
astral vision;astral powers
astral projection materialization;astral powers
astral travel;astral powers
astral projection materialization;projection powers
mental link;link powers
molecular psychic linking;link powers
mystical link;link powers
technopathic link;link powers
molecular restructuring;molecular powers
self molecular manipulation;molecular powers
molecular psychic linking;molecular powers
molecular psychic linking;molecular powers
empathic empowerment;empowerment powers
mystical empowerment;empowerment powers
increased perceptions and reflexes;perception/detection powers
electric wave perception;perception/detection powers
magical wave perception;perception/detection powers
mystical conjuring;conjuring powers
vision conjuration / divination;conjuring powers
illusion conjuring;conjuring powers
biological webbing generation;webbing powers
biological\organic webbing generation;webbing powers
chemically induced webbing generation;webbing powers
psionic webbing;webbing powers
ionic vampirism;vampirism
cosmic earth;earth/geo powers
techno shifting;shapeshifting
blight blade projection;blades
techno organic wings;wings
cosmic wings;wings
psionic butterfly wings;wings
natural winged flight;wings
cosmic self sustenance;self sustenance
phased/intangible travel;intangibility
phased/intangible camouflage;intangibility
memory projection / telemorphic manifestation[6];memory powers
precognition & retrocognition;retrocognition
cosmic penance stare;penance stare
cosmic water;water powers
fire breathing;breath powers
smoke breathing;smoke powers
fire breath;breath powers
element and magical manipulation;elemental powers
element breath;elemental powers
cybernetic tentacles;tentacles
telepathic control over tentacles;tentacles
acid generation;acid powers
acidic poison generation;acid powers
empathy/acidic secretion;acid powers
duplication healing;duplication
energy duplication;duplication
metal adaptation;metal powers
telekinetically enhanced condition;enhanced condition
sting of kaine;stings
wall climbing and traveling;wall crawling
time traveling;time powers
